id;title;role;years_of_experience;min_salary;max_salary;degree;location_type;job_type;city;description;creator_email;creator_mobile;created_time
1;Armenia Optimization;for hacking maximize;13628;63765;82;Bachelors;WorkFromHome;FullTime;Pune;Lebanese Ball;primary;copying Beauty;2021-06-09
2;mission-critical;synthesizing action-items Flat;63091;88722;44752;Bachelors;WorkFromHome;FullTime;Delhi;Sleek online;Multi-channelled;copying Riel;2021-06-09
3;solution firewall;Borders Avon Money;7797;30991;44230;PG;Onsite;PartTime;Pune;Incredible;Intelligent Optimization SDR;content-based;2021-06-09
4;synergies;architectures orchestration;44766;89938;57310;SchoolFinal;WorkFromHome;PartTime;Chennai;Stravenue quantify;blue;Sleek;2021-06-09
5;Rand;Legacy parsing;68229;27356;67677;Bachelors;WorkFromHome;PartTime;Delhi;FTP;CSS;Extension;2021-06-09
6;fuchsia;payment Electronics orange;58731;23342;36707;Masters;WorkFromHome;PartTime;Bangalore;Chair FTP content;Account evolve Specialist;Clothing Metal drive;2021-06-08
7;calculate;monetize ivory;72242;70245;33297;Masters;Onsite;PartTime;Kolkaka;Checking attitude;Regional transparent;bypassing morph;2021-06-08
8;interface;SMS;23275;23578;90547;PG;WorkFromHome;PartTime;Bangalore;Lesotho;panel;Mississippi bypassing;2021-06-08
9;green Tasty Unbranded;B2B override Philippine;6945;34568;29637;Masters;Onsite;FullTime;Delhi;optical;generate;info-mediaries;2021-06-09
10;intangible Squares;microchip;18792;66945;44948;PG;Onsite;FullTime;Kolkaka;disintermediate;index Terrace Rubber;Automotive District transmit;2021-06-09
